{"cameraMode":{"drawMode":0,"name":"Shaded","section":"Shading Mode"},"sceneLighting":false,"audioPlay":false,"sceneViewState":{"showFog":true,"showMaterialUpdate":false,"showSkybox":true,"showFlares":true,"showImageEffects":true,"showParticleSystems":true},"in2DMode":false,"pivot":{"x":0.610281765460968,"y":0.5772976875305176,"z":-3.059999465942383},"rotation":{"x":-0.12969785928726197,"y":-0.1557886004447937,"z":0.0206382405012846,"w":-0.9790287613868713},"size":13.496737480163575,"orthographic":false}